subject,music,measure,value
1,arrival,fast,1
2,arrival,fast,1
3,arrival,fast,2
4,arrival,fast,1
5,arrival,fast,5
6,arrival,fast,1
7,arrival,fast,1
8,arrival,fast,2
9,arrival,fast,2
10,arrival,fast,1
11,arrival,fast,2
12,arrival,fast,1
13,arrival,fast,2
1,arrival,slow,4
2,arrival,slow,5
3,arrival,slow,5
4,arrival,slow,4
5,arrival,slow,2
6,arrival,slow,4
7,arrival,slow,4
8,arrival,slow,3
9,arrival,slow,3
10,arrival,slow,5
11,arrival,slow,4
12,arrival,slow,5
13,arrival,slow,4
1,arrival,high,1
2,arrival,high,2
3,arrival,high,2
4,arrival,high,4
5,arrival,high,5
6,arrival,high,3
7,arrival,high,4
8,arrival,high,3
9,arrival,high,4
10,arrival,high,1
11,arrival,high,4
12,arrival,high,4
13,arrival,high,4
1,arrival,low,5
2,arrival,low,4
3,arrival,low,4
4,arrival,low,4
5,arrival,low,2
6,arrival,low,2
7,arrival,low,3
8,arrival,low,2
9,arrival,low,2
10,arrival,low,5
11,arrival,low,2
12,arrival,low,2
13,arrival,low,2
1,arrival,loud,4
2,arrival,loud,4
3,arrival,loud,5
4,arrival,loud,4
5,arrival,loud,5
6,arrival,loud,4
7,arrival,loud,4
8,arrival,loud,4
9,arrival,loud,5
10,arrival,loud,5
11,arrival,loud,4
12,arrival,loud,5
13,arrival,loud,4
1,arrival,soft,1
2,arrival,soft,1
3,arrival,soft,1
4,arrival,soft,2
5,arrival,soft,2
6,arrival,soft,1
7,arrival,soft,2
8,arrival,soft,1
9,arrival,soft,3
10,arrival,soft,1
11,arrival,soft,2
12,arrival,soft,1
13,arrival,soft,2
1,arrival,consonant,5
2,arrival,consonant,5
3,arrival,consonant,5
4,arrival,consonant,5
5,arrival,consonant,4
6,arrival,consonant,5
7,arrival,consonant,4
8,arrival,consonant,5
9,arrival,consonant,5
10,arrival,consonant,4
11,arrival,consonant,5
12,arrival,consonant,5
13,arrival,consonant,4
1,arrival,dissonant,1
2,arrival,dissonant,1
3,arrival,dissonant,1
4,arrival,dissonant,1
5,arrival,dissonant,2
6,arrival,dissonant,1
7,arrival,dissonant,2
8,arrival,dissonant,1
9,arrival,dissonant,1
10,arrival,dissonant,2
11,arrival,dissonant,1
12,arrival,dissonant,1
13,arrival,dissonant,2
1,arrival,instruments,"horns, brass, drums"
2,arrival,instruments,"Brass, trumpets, drums"
3,arrival,instruments,"trumpets, drums"
4,arrival,instruments,"trumpet, bass drum"
5,arrival,instruments,Trumpet
6,arrival,instruments,trumpets
7,arrival,instruments,trumpet
8,arrival,instruments,"horn, drum"
9,arrival,instruments,horn
10,arrival,instruments,"trumpets, drums"
11,arrival,instruments,"trumpet, drums"
12,arrival,instruments,trumpet
13,arrival,instruments,trumpets
1,basement,fast,1
2,basement,fast,1
3,basement,fast,1
4,basement,fast,3
5,basement,fast,3
6,basement,fast,1
7,basement,fast,2
8,basement,fast,1
9,basement,fast,1
10,basement,fast,1
11,basement,fast,3
12,basement,fast,4
13,basement,fast,1
1,basement,slow,5
2,basement,slow,5
3,basement,slow,5
4,basement,slow,3
5,basement,slow,4
6,basement,slow,4
7,basement,slow,5
8,basement,slow,4
9,basement,slow,5
10,basement,slow,5
11,basement,slow,4
12,basement,slow,2
13,basement,slow,5
1,basement,high,1
2,basement,high,1
3,basement,high,1
4,basement,high,1
5,basement,high,2
6,basement,high,1
7,basement,high,2
8,basement,high,1
9,basement,high,1
10,basement,high,1
11,basement,high,1
12,basement,high,1
13,basement,high,1
1,basement,low,5
2,basement,low,5
3,basement,low,5
4,basement,low,5
5,basement,low,5
6,basement,low,5
7,basement,low,5
8,basement,low,5
9,basement,low,5
10,basement,low,5
11,basement,low,5
12,basement,low,5
13,basement,low,5
1,basement,loud,4
2,basement,loud,4
3,basement,loud,1
4,basement,loud,3
5,basement,loud,4
6,basement,loud,3
7,basement,loud,4
8,basement,loud,3
9,basement,loud,4
10,basement,loud,4
11,basement,loud,3
12,basement,loud,4
13,basement,loud,3
1,basement,soft,2
2,basement,soft,2
3,basement,soft,5
4,basement,soft,3
5,basement,soft,3
6,basement,soft,1
7,basement,soft,2
8,basement,soft,1
9,basement,soft,3
10,basement,soft,2
11,basement,soft,3
12,basement,soft,1
13,basement,soft,3
1,basement,consonant,4
2,basement,consonant,4
3,basement,consonant,2
4,basement,consonant,2
5,basement,consonant,4
6,basement,consonant,2
7,basement,consonant,4
8,basement,consonant,4
9,basement,consonant,3
10,basement,consonant,3
11,basement,consonant,2
12,basement,consonant,2
13,basement,consonant,4
1,basement,dissonant,2
2,basement,dissonant,1
3,basement,dissonant,4
4,basement,dissonant,4
5,basement,dissonant,2
6,basement,dissonant,4
7,basement,dissonant,2
8,basement,dissonant,2
9,basement,dissonant,3
10,basement,dissonant,3
11,basement,dissonant,4
12,basement,dissonant,4
13,basement,dissonant,2
1,basement,instruments,"horn, brass"
2,basement,instruments,Woodwind
3,basement,instruments,clarinet
4,basement,instruments,bassoon
5,basement,instruments,Saxophone
6,basement,instruments,wind instrument
7,basement,instruments,tuba
8,basement,instruments,oboe
9,basement,instruments,horn
10,basement,instruments,woodwinds
11,basement,instruments,basoon
12,basement,instruments,bass clarinet
13,basement,instruments,NA
1,bird,fast,4
2,bird,fast,4
3,bird,fast,4
4,bird,fast,4
5,bird,fast,4
6,bird,fast,3
7,bird,fast,5
8,bird,fast,4
9,bird,fast,5
10,bird,fast,4
11,bird,fast,5
12,bird,fast,5
13,bird,fast,5
1,bird,slow,2
2,bird,slow,1
3,bird,slow,1
4,bird,slow,1
5,bird,slow,1
6,bird,slow,2
7,bird,slow,2
8,bird,slow,1
9,bird,slow,1
10,bird,slow,2
11,bird,slow,1
12,bird,slow,1
13,bird,slow,1
1,bird,high,5
2,bird,high,5
3,bird,high,5
4,bird,high,4
5,bird,high,4
6,bird,high,4
7,bird,high,5
8,bird,high,5
9,bird,high,5
10,bird,high,4
11,bird,high,5
12,bird,high,4
13,bird,high,5
1,bird,low,1
2,bird,low,2
3,bird,low,1
4,bird,low,3
5,bird,low,1
6,bird,low,2
7,bird,low,1
8,bird,low,2
9,bird,low,1
10,bird,low,2
11,bird,low,1
12,bird,low,1
13,bird,low,1
1,bird,loud,2
2,bird,loud,3
3,bird,loud,2
4,bird,loud,3
5,bird,loud,5
6,bird,loud,3
7,bird,loud,3
8,bird,loud,3
9,bird,loud,3
10,bird,loud,2
11,bird,loud,3
12,bird,loud,1
13,bird,loud,4
1,bird,soft,4
2,bird,soft,3
3,bird,soft,4
4,bird,soft,3
5,bird,soft,2
6,bird,soft,3
7,bird,soft,2
8,bird,soft,3
9,bird,soft,3
10,bird,soft,4
11,bird,soft,3
12,bird,soft,3
13,bird,soft,3
1,bird,consonant,5
2,bird,consonant,3
3,bird,consonant,5
4,bird,consonant,5
5,bird,consonant,4
6,bird,consonant,5
7,bird,consonant,5
8,bird,consonant,5
9,bird,consonant,5
10,bird,consonant,4
11,bird,consonant,4
12,bird,consonant,5
13,bird,consonant,4
1,bird,dissonant,1
2,bird,dissonant,3
3,bird,dissonant,1
4,bird,dissonant,1
5,bird,dissonant,2
6,bird,dissonant,1
7,bird,dissonant,1
8,bird,dissonant,1
9,bird,dissonant,1
10,bird,dissonant,2
11,bird,dissonant,1
12,bird,dissonant,1
13,bird,dissonant,2
1,bird,instruments,"flute, strings"
2,bird,instruments,"Flute, woodwind, brass, drums"
3,bird,instruments,"flute, strings"
4,bird,instruments,"flute, drum"
5,bird,instruments,Flute
6,bird,instruments,flute
7,bird,instruments,violin
8,bird,instruments,"flute, violin"
9,bird,instruments,flute
10,bird,instruments,violin
11,bird,instruments,"flute, percussion"
12,bird,instruments,flute
13,bird,instruments,flute
1,blossom,fast,1
2,blossom,fast,1
3,blossom,fast,1
4,blossom,fast,1
5,blossom,fast,3
6,blossom,fast,2
7,blossom,fast,1
8,blossom,fast,2
9,blossom,fast,1
10,blossom,fast,2
11,blossom,fast,1
12,blossom,fast,1
13,blossom,fast,1
1,blossom,slow,5
2,blossom,slow,5
3,blossom,slow,5
4,blossom,slow,4
5,blossom,slow,3
6,blossom,slow,4
7,blossom,slow,5
8,blossom,slow,4
9,blossom,slow,5
10,blossom,slow,4
11,blossom,slow,5
12,blossom,slow,5
13,blossom,slow,5
1,blossom,high,4
2,blossom,high,5
3,blossom,high,4
4,blossom,high,4
5,blossom,high,4
6,blossom,high,4
7,blossom,high,4
8,blossom,high,4
9,blossom,high,5
10,blossom,high,4
11,blossom,high,4
12,blossom,high,5
13,blossom,high,4
1,blossom,low,2
2,blossom,low,1
3,blossom,low,1
4,blossom,low,4
5,blossom,low,2
6,blossom,low,2
7,blossom,low,3
8,blossom,low,3
9,blossom,low,1
10,blossom,low,2
11,blossom,low,1
12,blossom,low,1
13,blossom,low,2
1,blossom,loud,2
2,blossom,loud,1
3,blossom,loud,2
4,blossom,loud,1
5,blossom,loud,4
6,blossom,loud,3
7,blossom,loud,2
8,blossom,loud,2
9,blossom,loud,4
10,blossom,loud,1
11,blossom,loud,2
12,blossom,loud,1
13,blossom,loud,1
1,blossom,soft,5
2,blossom,soft,5
3,blossom,soft,5
4,blossom,soft,3
5,blossom,soft,2
6,blossom,soft,3
7,blossom,soft,4
8,blossom,soft,3
9,blossom,soft,5
10,blossom,soft,5
11,blossom,soft,5
12,blossom,soft,4
13,blossom,soft,5
1,blossom,consonant,5
2,blossom,consonant,4
3,blossom,consonant,5
4,blossom,consonant,4
5,blossom,consonant,5
6,blossom,consonant,5
7,blossom,consonant,5
8,blossom,consonant,5
9,blossom,consonant,5
10,blossom,consonant,5
11,blossom,consonant,5
12,blossom,consonant,5
13,blossom,consonant,4
1,blossom,dissonant,1
2,blossom,dissonant,2
3,blossom,dissonant,1
4,blossom,dissonant,3
5,blossom,dissonant,1
6,blossom,dissonant,1
7,blossom,dissonant,3
8,blossom,dissonant,1
9,blossom,dissonant,1
10,blossom,dissonant,1
11,blossom,dissonant,1
12,blossom,dissonant,1
13,blossom,dissonant,2
1,blossom,instruments,"flute, harp"
2,blossom,instruments,"Flute, harp"
3,blossom,instruments,"flute, harp"
4,blossom,instruments,"harp, flute"
5,blossom,instruments,bassons
6,blossom,instruments,"harp, flute"
7,blossom,instruments,NA
8,blossom,instruments,"flute, guitar"
9,blossom,instruments,flute
10,blossom,instruments,flute
11,blossom,instruments,"flute, harp"
12,blossom,instruments,"flute, harp"
13,blossom,instruments,flute
1,blue,fast,2
2,blue,fast,1
3,blue,fast,2
4,blue,fast,3
5,blue,fast,2
6,blue,fast,2
7,blue,fast,1
8,blue,fast,4
9,blue,fast,1
10,blue,fast,2
11,blue,fast,3
12,blue,fast,5
13,blue,fast,1
1,blue,slow,4
2,blue,slow,5
3,blue,slow,3
4,blue,slow,3
5,blue,slow,4
6,blue,slow,4
7,blue,slow,4
8,blue,slow,2
9,blue,slow,5
10,blue,slow,4
11,blue,slow,4
12,blue,slow,1
13,blue,slow,5
1,blue,high,2
2,blue,high,4
3,blue,high,3
4,blue,high,4
5,blue,high,3
6,blue,high,3
7,blue,high,3
8,blue,high,4
9,blue,high,2
10,blue,high,3
11,blue,high,3
12,blue,high,4
13,blue,high,4
1,blue,low,4
2,blue,low,4
3,blue,low,3
4,blue,low,4
5,blue,low,3
6,blue,low,3
7,blue,low,5
8,blue,low,3
9,blue,low,5
10,blue,low,3
11,blue,low,3
12,blue,low,1
13,blue,low,4
1,blue,loud,3
2,blue,loud,2
3,blue,loud,2
4,blue,loud,3
5,blue,loud,2
6,blue,loud,2
7,blue,loud,4
8,blue,loud,3
9,blue,loud,3
10,blue,loud,4
11,blue,loud,3
12,blue,loud,4
13,blue,loud,2
1,blue,soft,3
2,blue,soft,4
3,blue,soft,4
4,blue,soft,4
5,blue,soft,4
6,blue,soft,4
7,blue,soft,2
8,blue,soft,3
9,blue,soft,3
10,blue,soft,2
11,blue,soft,3
12,blue,soft,1
13,blue,soft,4
1,blue,consonant,4
2,blue,consonant,2
3,blue,consonant,2
4,blue,consonant,1
5,blue,consonant,4
6,blue,consonant,1
7,blue,consonant,4
8,blue,consonant,3
9,blue,consonant,5
10,blue,consonant,2
11,blue,consonant,2
12,blue,consonant,4
13,blue,consonant,2
1,blue,dissonant,2
2,blue,dissonant,4
3,blue,dissonant,4
4,blue,dissonant,5
5,blue,dissonant,2
6,blue,dissonant,5
7,blue,dissonant,2
8,blue,dissonant,4
9,blue,dissonant,1
10,blue,dissonant,4
11,blue,dissonant,5
12,blue,dissonant,2
13,blue,dissonant,4
1,blue,instruments,"choir, strings, harp, piano"
2,blue,instruments,"Choir, harp"
3,blue,instruments,"chorus, strings"
4,blue,instruments,"bass drum, flute, violin, low brass"
5,blue,instruments,Tubas
6,blue,instruments,violin
7,blue,instruments,NA
8,blue,instruments,"violin, chorus, strings"
9,blue,instruments,NA
10,blue,instruments,violin
11,blue,instruments,"strings, percussion, voice"
12,blue,instruments,"voice, violin"
13,blue,instruments,NA
1,celebration,fast,5
2,celebration,fast,5
3,celebration,fast,4
4,celebration,fast,4
5,celebration,fast,5
6,celebration,fast,4
7,celebration,fast,5
8,celebration,fast,4
9,celebration,fast,5
10,celebration,fast,4
11,celebration,fast,5
12,celebration,fast,5
13,celebration,fast,5
1,celebration,slow,1
2,celebration,slow,1
3,celebration,slow,2
4,celebration,slow,1
5,celebration,slow,2
6,celebration,slow,2
7,celebration,slow,3
8,celebration,slow,1
9,celebration,slow,2
10,celebration,slow,2
11,celebration,slow,1
12,celebration,slow,1
13,celebration,slow,1
1,celebration,high,5
2,celebration,high,5
3,celebration,high,5
4,celebration,high,3
5,celebration,high,5
6,celebration,high,4
7,celebration,high,5
8,celebration,high,4
9,celebration,high,5
10,celebration,high,5
11,celebration,high,5
12,celebration,high,5
13,celebration,high,5
1,celebration,low,1
2,celebration,low,1
3,celebration,low,2
4,celebration,low,3
5,celebration,low,2
6,celebration,low,2
7,celebration,low,3
8,celebration,low,1
9,celebration,low,1
10,celebration,low,1
11,celebration,low,1
12,celebration,low,1
13,celebration,low,1
1,celebration,loud,4
2,celebration,loud,4
3,celebration,loud,4
4,celebration,loud,4
5,celebration,loud,3
6,celebration,loud,4
7,celebration,loud,4
8,celebration,loud,4
9,celebration,loud,5
10,celebration,loud,5
11,celebration,loud,4
12,celebration,loud,5
13,celebration,loud,5
1,celebration,soft,2
2,celebration,soft,1
3,celebration,soft,2
4,celebration,soft,1
5,celebration,soft,3
6,celebration,soft,2
7,celebration,soft,2
8,celebration,soft,2
9,celebration,soft,1
10,celebration,soft,1
11,celebration,soft,2
12,celebration,soft,1
13,celebration,soft,1
1,celebration,consonant,4
2,celebration,consonant,4
3,celebration,consonant,5
4,celebration,consonant,4
5,celebration,consonant,3
6,celebration,consonant,5
7,celebration,consonant,5
8,celebration,consonant,5
9,celebration,consonant,5
10,celebration,consonant,5
11,celebration,consonant,4
12,celebration,consonant,5
13,celebration,consonant,4
1,celebration,dissonant,2
2,celebration,dissonant,2
3,celebration,dissonant,1
4,celebration,dissonant,1
5,celebration,dissonant,3
6,celebration,dissonant,1
7,celebration,dissonant,2
8,celebration,dissonant,1
9,celebration,dissonant,1
10,celebration,dissonant,1
11,celebration,dissonant,1
12,celebration,dissonant,1
13,celebration,dissonant,2
1,celebration,instruments,"strings, whistle"
2,celebration,instruments,Strings
3,celebration,instruments,strings
4,celebration,instruments,"violin, bagpipes"
5,celebration,instruments,"Whistle, Violin"
6,celebration,instruments,violin
7,celebration,instruments,NA
8,celebration,instruments,"bagpipe, violin"
9,celebration,instruments,violin
10,celebration,instruments,"violin, woodwind"
11,celebration,instruments,"strings, bagpipes, percussion"
12,celebration,instruments,violin
13,celebration,instruments,brass
1,circle,fast,2
2,circle,fast,1
3,circle,fast,1
4,circle,fast,2
5,circle,fast,3
6,circle,fast,2
7,circle,fast,1
8,circle,fast,2
9,circle,fast,2
10,circle,fast,2
11,circle,fast,1
12,circle,fast,4
13,circle,fast,1
1,circle,slow,5
2,circle,slow,5
3,circle,slow,4
4,circle,slow,3
5,circle,slow,4
6,circle,slow,3
7,circle,slow,5
8,circle,slow,3
9,circle,slow,5
10,circle,slow,4
11,circle,slow,4
12,circle,slow,2
13,circle,slow,5
1,circle,high,2
2,circle,high,4
3,circle,high,3
4,circle,high,3
5,circle,high,4
6,circle,high,3
7,circle,high,4
8,circle,high,4
9,circle,high,5
10,circle,high,2
11,circle,high,2
12,circle,high,4
13,circle,high,4
1,circle,low,3
2,circle,low,2
3,circle,low,2
4,circle,low,3
5,circle,low,2
6,circle,low,3
7,circle,low,2
8,circle,low,1
9,circle,low,1
10,circle,low,4
11,circle,low,4
12,circle,low,2
13,circle,low,4
1,circle,loud,2
2,circle,loud,1
3,circle,loud,3
4,circle,loud,3
5,circle,loud,4
6,circle,loud,3
7,circle,loud,3
8,circle,loud,2
9,circle,loud,3
10,circle,loud,2
11,circle,loud,3
12,circle,loud,3
13,circle,loud,4
1,circle,soft,4
2,circle,soft,5
3,circle,soft,3
4,circle,soft,4
5,circle,soft,3
6,circle,soft,3
7,circle,soft,3
8,circle,soft,3
9,circle,soft,3
10,circle,soft,4
11,circle,soft,3
12,circle,soft,3
13,circle,soft,2
1,circle,consonant,5
2,circle,consonant,3
3,circle,consonant,5
4,circle,consonant,5
5,circle,consonant,4
6,circle,consonant,5
7,circle,consonant,4
8,circle,consonant,4
9,circle,consonant,5
10,circle,consonant,5
11,circle,consonant,3
12,circle,consonant,4
13,circle,consonant,2
1,circle,dissonant,1
2,circle,dissonant,3
3,circle,dissonant,1
4,circle,dissonant,1
5,circle,dissonant,2
6,circle,dissonant,1
7,circle,dissonant,2
8,circle,dissonant,2
9,circle,dissonant,1
10,circle,dissonant,1
11,circle,dissonant,4
12,circle,dissonant,1
13,circle,dissonant,4
1,circle,instruments,"strings, bass, cello"
2,circle,instruments,Strings
3,circle,instruments,strings
4,circle,instruments,"violin, viola, harp"
5,circle,instruments,Violin
6,circle,instruments,violin
7,circle,instruments,violin
8,circle,instruments,"violin, bass"
9,circle,instruments,violin
10,circle,instruments,violin
11,circle,instruments,"various strings, a cello?"
12,circle,instruments,"cello, violin, viola"
13,circle,instruments,violin
1,cradle,fast,1
2,cradle,fast,1
3,cradle,fast,1
4,cradle,fast,1
5,cradle,fast,2
6,cradle,fast,2
7,cradle,fast,1
8,cradle,fast,2
9,cradle,fast,1
10,cradle,fast,1
11,cradle,fast,2
12,cradle,fast,1
13,cradle,fast,1
1,cradle,slow,5
2,cradle,slow,5
3,cradle,slow,5
4,cradle,slow,3
5,cradle,slow,4
6,cradle,slow,3
7,cradle,slow,5
8,cradle,slow,3
9,cradle,slow,5
10,cradle,slow,5
11,cradle,slow,4
12,cradle,slow,4
13,cradle,slow,5
1,cradle,high,3
2,cradle,high,5
3,cradle,high,3
4,cradle,high,3
5,cradle,high,3
6,cradle,high,2
7,cradle,high,3
8,cradle,high,3
9,cradle,high,2
10,cradle,high,2
11,cradle,high,3
12,cradle,high,4
13,cradle,high,2
1,cradle,low,4
2,cradle,low,1
3,cradle,low,3
4,cradle,low,3
5,cradle,low,2
6,cradle,low,3
7,cradle,low,4
8,cradle,low,2
9,cradle,low,4
10,cradle,low,4
11,cradle,low,2
12,cradle,low,1
13,cradle,low,4
1,cradle,loud,1
2,cradle,loud,2
3,cradle,loud,2
4,cradle,loud,1
5,cradle,loud,2
6,cradle,loud,2
7,cradle,loud,2
8,cradle,loud,2
9,cradle,loud,2
10,cradle,loud,2
11,cradle,loud,1
12,cradle,loud,1
13,cradle,loud,2
1,cradle,soft,5
2,cradle,soft,5
3,cradle,soft,4
4,cradle,soft,3
5,cradle,soft,5
6,cradle,soft,4
7,cradle,soft,4
8,cradle,soft,4
9,cradle,soft,5
10,cradle,soft,4
11,cradle,soft,4
12,cradle,soft,5
13,cradle,soft,4
1,cradle,consonant,5
2,cradle,consonant,3
3,cradle,consonant,5
4,cradle,consonant,4
5,cradle,consonant,4
6,cradle,consonant,5
7,cradle,consonant,5
8,cradle,consonant,5
9,cradle,consonant,5
10,cradle,consonant,4
11,cradle,consonant,5
12,cradle,consonant,5
13,cradle,consonant,2
1,cradle,dissonant,1
2,cradle,dissonant,3
3,cradle,dissonant,1
4,cradle,dissonant,1
5,cradle,dissonant,2
6,cradle,dissonant,1
7,cradle,dissonant,2
8,cradle,dissonant,1
9,cradle,dissonant,1
10,cradle,dissonant,2
11,cradle,dissonant,2
12,cradle,dissonant,1
13,cradle,dissonant,4
1,cradle,instruments,piano
2,cradle,instruments,Piano
3,cradle,instruments,piano
4,cradle,instruments,piano
5,cradle,instruments,piano
6,cradle,instruments,piano
7,cradle,instruments,piano
8,cradle,instruments,piano
9,cradle,instruments,piano
10,cradle,instruments,piano
11,cradle,instruments,piano
12,cradle,instruments,piano
13,cradle,instruments,piano
1,departure,fast,2
2,departure,fast,1
3,departure,fast,2
4,departure,fast,3
5,departure,fast,3
6,departure,fast,2
7,departure,fast,3
8,departure,fast,2
9,departure,fast,2
10,departure,fast,1
11,departure,fast,2
12,departure,fast,3
13,departure,fast,2
1,departure,slow,4
2,departure,slow,5
3,departure,slow,4
4,departure,slow,3
5,departure,slow,3
6,departure,slow,3
7,departure,slow,5
8,departure,slow,3
9,departure,slow,4
10,departure,slow,5
11,departure,slow,3
12,departure,slow,3
13,departure,slow,4
1,departure,high,4
2,departure,high,3
3,departure,high,3
4,departure,high,4
5,departure,high,4
6,departure,high,4
7,departure,high,5
8,departure,high,5
9,departure,high,5
10,departure,high,3
11,departure,high,4
12,departure,high,4
13,departure,high,4
1,departure,low,2
2,departure,low,3
3,departure,low,3
4,departure,low,4
5,departure,low,1
6,departure,low,3
7,departure,low,2
8,departure,low,1
9,departure,low,1
10,departure,low,3
11,departure,low,2
12,departure,low,2
13,departure,low,4
1,departure,loud,3
2,departure,loud,2
3,departure,loud,3
4,departure,loud,2
5,departure,loud,3
6,departure,loud,2
7,departure,loud,1
8,departure,loud,2
9,departure,loud,2
10,departure,loud,2
11,departure,loud,3
12,departure,loud,4
13,departure,loud,3
1,departure,soft,4
2,departure,soft,4
3,departure,soft,3
4,departure,soft,3
5,departure,soft,3
6,departure,soft,3
7,departure,soft,3
8,departure,soft,4
9,departure,soft,5
10,departure,soft,4
11,departure,soft,3
12,departure,soft,1
13,departure,soft,3
1,departure,consonant,5
2,departure,consonant,4
3,departure,consonant,3
4,departure,consonant,4
5,departure,consonant,4
6,departure,consonant,5
7,departure,consonant,4
8,departure,consonant,4
9,departure,consonant,5
10,departure,consonant,5
11,departure,consonant,3
12,departure,consonant,5
13,departure,consonant,2
1,departure,dissonant,1
2,departure,dissonant,2
3,departure,dissonant,3
4,departure,dissonant,1
5,departure,dissonant,2
6,departure,dissonant,1
7,departure,dissonant,2
8,departure,dissonant,2
9,departure,dissonant,1
10,departure,dissonant,1
11,departure,dissonant,3
12,departure,dissonant,1
13,departure,dissonant,4
1,departure,instruments,strings
2,departure,instruments,Strings
3,departure,instruments,"violin, strings"
4,departure,instruments,"oboe, violin"
5,departure,instruments,NA
6,departure,instruments,"violin, clarinet"
7,departure,instruments,violin
8,departure,instruments,violin
9,departure,instruments,violin
10,departure,instruments,violin
11,departure,instruments,"strings, oboe"
12,departure,instruments,violin
13,departure,instruments,NA
1,devotion,fast,2
2,devotion,fast,2
3,devotion,fast,2
4,devotion,fast,2
5,devotion,fast,2
6,devotion,fast,3
7,devotion,fast,1
8,devotion,fast,2
9,devotion,fast,2
10,devotion,fast,1
11,devotion,fast,3
12,devotion,fast,5
13,devotion,fast,2
1,devotion,slow,4
2,devotion,slow,4
3,devotion,slow,4
4,devotion,slow,3
5,devotion,slow,3
6,devotion,slow,3
7,devotion,slow,5
8,devotion,slow,3
9,devotion,slow,4
10,devotion,slow,5
11,devotion,slow,4
12,devotion,slow,1
13,devotion,slow,4
1,devotion,high,3
2,devotion,high,2
3,devotion,high,2
4,devotion,high,3
5,devotion,high,4
6,devotion,high,4
7,devotion,high,2
8,devotion,high,3
9,devotion,high,4
10,devotion,high,1
11,devotion,high,2
12,devotion,high,1
13,devotion,high,4
1,devotion,low,3
2,devotion,low,4
3,devotion,low,4
4,devotion,low,3
5,devotion,low,3
6,devotion,low,3
7,devotion,low,4
8,devotion,low,3
9,devotion,low,2
10,devotion,low,5
11,devotion,low,4
12,devotion,low,4
13,devotion,low,4
1,devotion,loud,4
2,devotion,loud,2
3,devotion,loud,4
4,devotion,loud,3
5,devotion,loud,3
6,devotion,loud,3
7,devotion,loud,5
8,devotion,loud,3
9,devotion,loud,5
10,devotion,loud,2
11,devotion,loud,3
12,devotion,loud,4
13,devotion,loud,4
1,devotion,soft,2
2,devotion,soft,4
3,devotion,soft,1
4,devotion,soft,3
5,devotion,soft,4
6,devotion,soft,3
7,devotion,soft,2
8,devotion,soft,3
9,devotion,soft,3
10,devotion,soft,4
11,devotion,soft,2
12,devotion,soft,1
13,devotion,soft,2
1,devotion,consonant,5
2,devotion,consonant,5
3,devotion,consonant,5
4,devotion,consonant,5
5,devotion,consonant,4
6,devotion,consonant,5
7,devotion,consonant,4
8,devotion,consonant,5
9,devotion,consonant,5
10,devotion,consonant,5
11,devotion,consonant,4
12,devotion,consonant,5
13,devotion,consonant,4
1,devotion,dissonant,1
2,devotion,dissonant,1
3,devotion,dissonant,1
4,devotion,dissonant,1
5,devotion,dissonant,2
6,devotion,dissonant,1
7,devotion,dissonant,1
8,devotion,dissonant,1
9,devotion,dissonant,1
10,devotion,dissonant,1
11,devotion,dissonant,3
12,devotion,dissonant,1
13,devotion,dissonant,2
1,devotion,instruments,"horns, brass"
2,devotion,instruments,Brass
3,devotion,instruments,"brass, trumpets"
4,devotion,instruments,"trumpet, trombone"
5,devotion,instruments,Trumpet
6,devotion,instruments,"french horn, trumpet"
7,devotion,instruments,trumpet
8,devotion,instruments,"trumpet, trombone, french horn"
9,devotion,instruments,horn
10,devotion,instruments,horn
11,devotion,instruments,"trumpets, horns"
12,devotion,instruments,"trumpet, trombone"
13,devotion,instruments,brass
1,fight,fast,5
2,fight,fast,4
3,fight,fast,5
4,fight,fast,5
5,fight,fast,4
6,fight,fast,4
7,fight,fast,5
8,fight,fast,4
9,fight,fast,5
10,fight,fast,5
11,fight,fast,5
12,fight,fast,5
13,fight,fast,5
1,fight,slow,1
2,fight,slow,4
3,fight,slow,1
4,fight,slow,1
5,fight,slow,2
6,fight,slow,1
7,fight,slow,1
8,fight,slow,2
9,fight,slow,1
10,fight,slow,1
11,fight,slow,1
12,fight,slow,1
13,fight,slow,1
1,fight,high,3
2,fight,high,4
3,fight,high,3
4,fight,high,4
5,fight,high,3
6,fight,high,3
7,fight,high,2
8,fight,high,4
9,fight,high,5
10,fight,high,1
11,fight,high,3
12,fight,high,4
13,fight,high,2
1,fight,low,3
2,fight,low,4
3,fight,low,3
4,fight,low,4
5,fight,low,3
6,fight,low,3
7,fight,low,5
8,fight,low,3
9,fight,low,2
10,fight,low,5
11,fight,low,4
12,fight,low,4
13,fight,low,4
1,fight,loud,5
2,fight,loud,5
3,fight,loud,5
4,fight,loud,4
5,fight,loud,4
6,fight,loud,5
7,fight,loud,5
8,fight,loud,5
9,fight,loud,5
10,fight,loud,5
11,fight,loud,5
12,fight,loud,NA
13,fight,loud,4
1,fight,soft,1
2,fight,soft,1
3,fight,soft,1
4,fight,soft,1
5,fight,soft,2
6,fight,soft,1
7,fight,soft,1
8,fight,soft,1
9,fight,soft,1
10,fight,soft,1
11,fight,soft,1
12,fight,soft,1
13,fight,soft,2
1,fight,consonant,2
2,fight,consonant,4
3,fight,consonant,1
4,fight,consonant,2
5,fight,consonant,3
6,fight,consonant,3
7,fight,consonant,3
8,fight,consonant,3
9,fight,consonant,3
10,fight,consonant,5
11,fight,consonant,2
12,fight,consonant,4
13,fight,consonant,3
1,fight,dissonant,4
2,fight,dissonant,4
3,fight,dissonant,5
4,fight,dissonant,4
5,fight,dissonant,3
6,fight,dissonant,4
7,fight,dissonant,3
8,fight,dissonant,3
9,fight,dissonant,3
10,fight,dissonant,1
11,fight,dissonant,4
12,fight,dissonant,1
13,fight,dissonant,3
1,fight,instruments,"symbols, percussion, drums, horns, brass"
2,fight,instruments,"Brass, drums"
3,fight,instruments,NA
4,fight,instruments,"bass, drum, flute, trumpet, wooden glockenspiel"
5,fight,instruments,"French horn, Drums"
6,fight,instruments,"horns, drums"
7,fight,instruments,drums
8,fight,instruments,"percussion, horn, strings"
9,fight,instruments,horn
10,fight,instruments,"drums, horns"
11,fight,instruments,"orchestra, percussion, drums"
12,fight,instruments,"trombone, violins, cymbals"
13,fight,instruments,brass
1,hero,fast,5
2,hero,fast,5
3,hero,fast,5
4,hero,fast,4
5,hero,fast,5
6,hero,fast,5
7,hero,fast,5
8,hero,fast,5
9,hero,fast,5
10,hero,fast,5
11,hero,fast,5
12,hero,fast,5
13,hero,fast,5
1,hero,slow,1
2,hero,slow,1
3,hero,slow,1
4,hero,slow,1
5,hero,slow,1
6,hero,slow,1
7,hero,slow,1
8,hero,slow,1
9,hero,slow,1
10,hero,slow,1
11,hero,slow,1
12,hero,slow,1
13,hero,slow,1
1,hero,high,4
2,hero,high,3
3,hero,high,4
4,hero,high,4
5,hero,high,4
6,hero,high,5
7,hero,high,5
8,hero,high,4
9,hero,high,5
10,hero,high,3
11,hero,high,4
12,hero,high,5
13,hero,high,4
1,hero,low,2
2,hero,low,3
3,hero,low,1
4,hero,low,3
5,hero,low,3
6,hero,low,1
7,hero,low,3
8,hero,low,1
9,hero,low,1
10,hero,low,3
11,hero,low,2
12,hero,low,1
13,hero,low,2
1,hero,loud,5
2,hero,loud,5
3,hero,loud,5
4,hero,loud,4
5,hero,loud,4
6,hero,loud,5
7,hero,loud,5
8,hero,loud,5
9,hero,loud,5
10,hero,loud,5
11,hero,loud,5
12,hero,loud,5
13,hero,loud,4
1,hero,soft,1
2,hero,soft,1
3,hero,soft,1
4,hero,soft,2
5,hero,soft,1
6,hero,soft,2
7,hero,soft,2
8,hero,soft,1
9,hero,soft,1
10,hero,soft,1
11,hero,soft,1
12,hero,soft,1
13,hero,soft,2
1,hero,consonant,4
2,hero,consonant,5
3,hero,consonant,5
4,hero,consonant,4
5,hero,consonant,4
6,hero,consonant,5
7,hero,consonant,5
8,hero,consonant,5
9,hero,consonant,5
10,hero,consonant,5
11,hero,consonant,3
12,hero,consonant,5
13,hero,consonant,4
1,hero,dissonant,2
2,hero,dissonant,1
3,hero,dissonant,1
4,hero,dissonant,1
5,hero,dissonant,4
6,hero,dissonant,1
7,hero,dissonant,1
8,hero,dissonant,1
9,hero,dissonant,1
10,hero,dissonant,1
11,hero,dissonant,3
12,hero,dissonant,1
13,hero,dissonant,2
1,hero,instruments,"horns, strings, percussion, orchestra"
2,hero,instruments,"Brass, Strings"
3,hero,instruments,"strings, trumpets"
4,hero,instruments,"trumpet, violin, bass drum"
5,hero,instruments,Violin
6,hero,instruments,violin
7,hero,instruments,violin
8,hero,instruments,"percussion, violin"
9,hero,instruments,horn
10,hero,instruments,"violin, horns"
11,hero,instruments,"orchestra, trumpet, clarinet, flutes , percussion"
12,hero,instruments,"trumpets, violins, violas"
13,hero,instruments,brass
1,jungle,fast,2
2,jungle,fast,1
3,jungle,fast,2
4,jungle,fast,1
5,jungle,fast,2
6,jungle,fast,3
7,jungle,fast,2
8,jungle,fast,3
9,jungle,fast,2
10,jungle,fast,1
11,jungle,fast,3
12,jungle,fast,2
13,jungle,fast,2
1,jungle,slow,4
2,jungle,slow,4
3,jungle,slow,4
4,jungle,slow,5
5,jungle,slow,4
6,jungle,slow,4
7,jungle,slow,5
8,jungle,slow,3
9,jungle,slow,4
10,jungle,slow,5
11,jungle,slow,3
12,jungle,slow,4
13,jungle,slow,4
1,jungle,high,2
2,jungle,high,2
3,jungle,high,1
4,jungle,high,2
5,jungle,high,2
6,jungle,high,3
7,jungle,high,1
8,jungle,high,4
9,jungle,high,3
10,jungle,high,1
11,jungle,high,2
12,jungle,high,2
13,jungle,high,2
1,jungle,low,4
2,jungle,low,4
3,jungle,low,4
4,jungle,low,4
5,jungle,low,5
6,jungle,low,3
7,jungle,low,5
8,jungle,low,2
9,jungle,low,5
10,jungle,low,5
11,jungle,low,4
12,jungle,low,4
13,jungle,low,4
1,jungle,loud,3
2,jungle,loud,3
3,jungle,loud,1
4,jungle,loud,3
5,jungle,loud,3
6,jungle,loud,2
7,jungle,loud,4
8,jungle,loud,3
9,jungle,loud,2
10,jungle,loud,2
11,jungle,loud,3
12,jungle,loud,1
13,jungle,loud,2
1,jungle,soft,4
2,jungle,soft,3
3,jungle,soft,5
4,jungle,soft,4
5,jungle,soft,5
6,jungle,soft,4
7,jungle,soft,2
8,jungle,soft,3
9,jungle,soft,4
10,jungle,soft,4
11,jungle,soft,3
12,jungle,soft,4
13,jungle,soft,4
1,jungle,consonant,4
2,jungle,consonant,3
3,jungle,consonant,2
4,jungle,consonant,1
5,jungle,consonant,2
6,jungle,consonant,2
7,jungle,consonant,4
8,jungle,consonant,3
9,jungle,consonant,3
10,jungle,consonant,2
11,jungle,consonant,2
12,jungle,consonant,3
13,jungle,consonant,3
1,jungle,dissonant,2
2,jungle,dissonant,2
3,jungle,dissonant,4
4,jungle,dissonant,2
5,jungle,dissonant,3
6,jungle,dissonant,4
7,jungle,dissonant,1
8,jungle,dissonant,3
9,jungle,dissonant,3
10,jungle,dissonant,4
11,jungle,dissonant,5
12,jungle,dissonant,2
13,jungle,dissonant,3
1,jungle,instruments,"percussion, drums"
2,jungle,instruments,"Percussion, drums"
3,jungle,instruments,"xylophone, drums"
4,jungle,instruments,"drums, xylorimba"
5,jungle,instruments,NA
6,jungle,instruments,drums
7,jungle,instruments,drums
8,jungle,instruments,"percussion, xylophone"
9,jungle,instruments,bell
10,jungle,instruments,"drums, xylophone"
11,jungle,instruments,"drums, xylophone, wooden ratchet?"
12,jungle,instruments,"jembe, marimba, claves"
13,jungle,instruments,drums
1,mischief,fast,5
2,mischief,fast,5
3,mischief,fast,5
4,mischief,fast,5
5,mischief,fast,4
6,mischief,fast,3
7,mischief,fast,5
8,mischief,fast,5
9,mischief,fast,5
10,mischief,fast,4
11,mischief,fast,4
12,mischief,fast,5
13,mischief,fast,4
1,mischief,slow,1
2,mischief,slow,1
3,mischief,slow,1
4,mischief,slow,1
5,mischief,slow,1
6,mischief,slow,2
7,mischief,slow,1
8,mischief,slow,1
9,mischief,slow,1
10,mischief,slow,2
11,mischief,slow,2
12,mischief,slow,1
13,mischief,slow,2
1,mischief,high,3
2,mischief,high,3
3,mischief,high,4
4,mischief,high,4
5,mischief,high,3
6,mischief,high,4
7,mischief,high,4
8,mischief,high,4
9,mischief,high,5
10,mischief,high,2
11,mischief,high,4
12,mischief,high,5
13,mischief,high,4
1,mischief,low,3
2,mischief,low,3
3,mischief,low,2
4,mischief,low,4
5,mischief,low,3
6,mischief,low,2
7,mischief,low,1
8,mischief,low,2
9,mischief,low,2
10,mischief,low,4
11,mischief,low,2
12,mischief,low,1
13,mischief,low,4
1,mischief,loud,4
2,mischief,loud,4
3,mischief,loud,4
4,mischief,loud,3
5,mischief,loud,4
6,mischief,loud,3
7,mischief,loud,3
8,mischief,loud,3
9,mischief,loud,3
10,mischief,loud,4
11,mischief,loud,4
12,mischief,loud,5
13,mischief,loud,4
1,mischief,soft,2
2,mischief,soft,1
3,mischief,soft,2
4,mischief,soft,3
5,mischief,soft,3
6,mischief,soft,2
7,mischief,soft,1
8,mischief,soft,2
9,mischief,soft,2
10,mischief,soft,2
11,mischief,soft,2
12,mischief,soft,1
13,mischief,soft,2
1,mischief,consonant,5
2,mischief,consonant,5
3,mischief,consonant,5
4,mischief,consonant,5
5,mischief,consonant,4
6,mischief,consonant,5
7,mischief,consonant,4
8,mischief,consonant,5
9,mischief,consonant,5
10,mischief,consonant,5
11,mischief,consonant,4
12,mischief,consonant,5
13,mischief,consonant,4
1,mischief,dissonant,1
2,mischief,dissonant,1
3,mischief,dissonant,1
4,mischief,dissonant,1
5,mischief,dissonant,2
6,mischief,dissonant,1
7,mischief,dissonant,1
8,mischief,dissonant,1
9,mischief,dissonant,2
10,mischief,dissonant,1
11,mischief,dissonant,1
12,mischief,dissonant,1
13,mischief,dissonant,2
1,mischief,instruments,"strings, percussion, brass"
2,mischief,instruments,"Strings, drums"
3,mischief,instruments,"strings, drums"
4,mischief,instruments,"violin, viola, bass drum"
5,mischief,instruments,Drums
6,mischief,instruments,"violin, drums"
7,mischief,instruments,"drums, violin"
8,mischief,instruments,violin
9,mischief,instruments,NA
10,mischief,instruments,"drums, violin"
11,mischief,instruments,"drums, strings"
12,mischief,instruments,"timpani, violins"
13,mischief,instruments,drum
1,mockery,fast,4
2,mockery,fast,1
3,mockery,fast,3
4,mockery,fast,3
5,mockery,fast,4
6,mockery,fast,3
7,mockery,fast,1
8,mockery,fast,4
9,mockery,fast,5
10,mockery,fast,4
11,mockery,fast,4
12,mockery,fast,5
13,mockery,fast,2
1,mockery,slow,2
2,mockery,slow,3
3,mockery,slow,3
4,mockery,slow,1
5,mockery,slow,3
6,mockery,slow,2
7,mockery,slow,4
8,mockery,slow,2
9,mockery,slow,1
10,mockery,slow,2
11,mockery,slow,1
12,mockery,slow,1
13,mockery,slow,4
1,mockery,high,4
2,mockery,high,4
3,mockery,high,4
4,mockery,high,4
5,mockery,high,4
6,mockery,high,4
7,mockery,high,4
8,mockery,high,4
9,mockery,high,5
10,mockery,high,2
11,mockery,high,5
12,mockery,high,5
13,mockery,high,4
1,mockery,low,2
2,mockery,low,4
3,mockery,low,2
4,mockery,low,2
5,mockery,low,2
6,mockery,low,2
7,mockery,low,3
8,mockery,low,2
9,mockery,low,1
10,mockery,low,4
11,mockery,low,1
12,mockery,low,1
13,mockery,low,2
1,mockery,loud,4
2,mockery,loud,4
3,mockery,loud,4
4,mockery,loud,4
5,mockery,loud,5
6,mockery,loud,3
7,mockery,loud,5
8,mockery,loud,3
9,mockery,loud,5
10,mockery,loud,4
11,mockery,loud,4
12,mockery,loud,5
13,mockery,loud,4
1,mockery,soft,2
2,mockery,soft,1
3,mockery,soft,2
4,mockery,soft,4
5,mockery,soft,2
6,mockery,soft,2
7,mockery,soft,2
8,mockery,soft,2
9,mockery,soft,2
10,mockery,soft,2
11,mockery,soft,1
12,mockery,soft,1
13,mockery,soft,2
1,mockery,consonant,2
2,mockery,consonant,1
3,mockery,consonant,3
4,mockery,consonant,4
5,mockery,consonant,2
6,mockery,consonant,2
7,mockery,consonant,2
8,mockery,consonant,2
9,mockery,consonant,2
10,mockery,consonant,2
11,mockery,consonant,1
12,mockery,consonant,2
13,mockery,consonant,2
1,mockery,dissonant,4
2,mockery,dissonant,5
3,mockery,dissonant,3
4,mockery,dissonant,1
5,mockery,dissonant,5
6,mockery,dissonant,4
7,mockery,dissonant,4
8,mockery,dissonant,4
9,mockery,dissonant,5
10,mockery,dissonant,4
11,mockery,dissonant,5
12,mockery,dissonant,4
13,mockery,dissonant,4
1,mockery,instruments,"brass, horns"
2,mockery,instruments,"Brass, saxophone"
3,mockery,instruments,horns
4,mockery,instruments,saxophone
5,mockery,instruments,Saxophone
6,mockery,instruments,saxaphone
7,mockery,instruments,woodwind
8,mockery,instruments,saxophone
9,mockery,instruments,saxophone
10,mockery,instruments,woodwind
11,mockery,instruments,saxophone
12,mockery,instruments,saxophone
13,mockery,instruments,trumpet
1,narrowness,fast,1
2,narrowness,fast,1
3,narrowness,fast,1
4,narrowness,fast,1
5,narrowness,fast,4
6,narrowness,fast,2
7,narrowness,fast,1
8,narrowness,fast,2
9,narrowness,fast,3
10,narrowness,fast,1
11,narrowness,fast,1
12,narrowness,fast,1
13,narrowness,fast,2
1,narrowness,slow,5
2,narrowness,slow,5
3,narrowness,slow,5
4,narrowness,slow,5
5,narrowness,slow,2
6,narrowness,slow,4
7,narrowness,slow,5
8,narrowness,slow,4
9,narrowness,slow,5
10,narrowness,slow,5
11,narrowness,slow,5
12,narrowness,slow,5
13,narrowness,slow,4
1,narrowness,high,1
2,narrowness,high,4
3,narrowness,high,1
4,narrowness,high,3
5,narrowness,high,5
6,narrowness,high,2
7,narrowness,high,2
8,narrowness,high,3
9,narrowness,high,4
10,narrowness,high,1
11,narrowness,high,1
12,narrowness,high,4
13,narrowness,high,1
1,narrowness,low,5
2,narrowness,low,5
3,narrowness,low,5
4,narrowness,low,4
5,narrowness,low,1
6,narrowness,low,3
7,narrowness,low,5
8,narrowness,low,2
9,narrowness,low,3
10,narrowness,low,5
11,narrowness,low,5
12,narrowness,low,1
13,narrowness,low,5
1,narrowness,loud,2
2,narrowness,loud,4
3,narrowness,loud,5
4,narrowness,loud,3
5,narrowness,loud,3
6,narrowness,loud,3
7,narrowness,loud,2
8,narrowness,loud,3
9,narrowness,loud,3
10,narrowness,loud,2
11,narrowness,loud,3
12,narrowness,loud,3
13,narrowness,loud,2
1,narrowness,soft,3
2,narrowness,soft,1
3,narrowness,soft,1
4,narrowness,soft,3
5,narrowness,soft,1
6,narrowness,soft,2
7,narrowness,soft,3
8,narrowness,soft,3
9,narrowness,soft,4
10,narrowness,soft,4
11,narrowness,soft,3
12,narrowness,soft,3
13,narrowness,soft,4
1,narrowness,consonant,2
2,narrowness,consonant,1
3,narrowness,consonant,1
4,narrowness,consonant,1
5,narrowness,consonant,2
6,narrowness,consonant,1
7,narrowness,consonant,1
8,narrowness,consonant,1
9,narrowness,consonant,3
10,narrowness,consonant,2
11,narrowness,consonant,5
12,narrowness,consonant,1
13,narrowness,consonant,2
1,narrowness,dissonant,4
2,narrowness,dissonant,5
3,narrowness,dissonant,5
4,narrowness,dissonant,5
5,narrowness,dissonant,4
6,narrowness,dissonant,5
7,narrowness,dissonant,5
8,narrowness,dissonant,5
9,narrowness,dissonant,3
10,narrowness,dissonant,4
11,narrowness,dissonant,1
12,narrowness,dissonant,5
13,narrowness,dissonant,4
1,narrowness,instruments,"horns, accordian"
2,narrowness,instruments,accordian
3,narrowness,instruments,accordion
4,narrowness,instruments,"bass clarinet, accordion"
5,narrowness,instruments,NA
6,narrowness,instruments,NA
7,narrowness,instruments,NA
8,narrowness,instruments,accordion
9,narrowness,instruments,harmonica
10,narrowness,instruments,accordion
11,narrowness,instruments,don't know
12,narrowness,instruments,accordion
13,narrowness,instruments,NA
1,needle,fast,4
2,needle,fast,5
3,needle,fast,5
4,needle,fast,4
5,needle,fast,5
6,needle,fast,4
7,needle,fast,5
8,needle,fast,4
9,needle,fast,5
10,needle,fast,5
11,needle,fast,5
12,needle,fast,5
13,needle,fast,4
1,needle,slow,2
2,needle,slow,1
3,needle,slow,1
4,needle,slow,1
5,needle,slow,2
6,needle,slow,2
7,needle,slow,1
8,needle,slow,1
9,needle,slow,3
10,needle,slow,1
11,needle,slow,1
12,needle,slow,1
13,needle,slow,2
1,needle,high,5
2,needle,high,5
3,needle,high,3
4,needle,high,5
5,needle,high,5
6,needle,high,3
7,needle,high,5
8,needle,high,5
9,needle,high,5
10,needle,high,3
11,needle,high,5
12,needle,high,5
13,needle,high,4
1,needle,low,1
2,needle,low,1
3,needle,low,3
4,needle,low,4
5,needle,low,2
6,needle,low,3
7,needle,low,4
8,needle,low,1
9,needle,low,2
10,needle,low,3
11,needle,low,1
12,needle,low,2
13,needle,low,4
1,needle,loud,4
2,needle,loud,5
3,needle,loud,4
4,needle,loud,4
5,needle,loud,4
6,needle,loud,4
7,needle,loud,5
8,needle,loud,4
9,needle,loud,4
10,needle,loud,3
11,needle,loud,4
12,needle,loud,5
13,needle,loud,4
1,needle,soft,2
2,needle,soft,1
3,needle,soft,2
4,needle,soft,3
5,needle,soft,2
6,needle,soft,2
7,needle,soft,1
8,needle,soft,2
9,needle,soft,2
10,needle,soft,3
11,needle,soft,2
12,needle,soft,1
13,needle,soft,2
1,needle,consonant,2
2,needle,consonant,1
3,needle,consonant,1
4,needle,consonant,1
5,needle,consonant,2
6,needle,consonant,1
7,needle,consonant,2
8,needle,consonant,2
9,needle,consonant,4
10,needle,consonant,1
11,needle,consonant,2
12,needle,consonant,1
13,needle,consonant,2
1,needle,dissonant,5
2,needle,dissonant,5
3,needle,dissonant,5
4,needle,dissonant,5
5,needle,dissonant,4
6,needle,dissonant,5
7,needle,dissonant,4
8,needle,dissonant,4
9,needle,dissonant,2
10,needle,dissonant,5
11,needle,dissonant,5
12,needle,dissonant,5
13,needle,dissonant,4
1,needle,instruments,strings
2,needle,instruments,Strings
3,needle,instruments,strings
4,needle,instruments,"violin, cello, contrabass"
5,needle,instruments,violin
6,needle,instruments,violin
7,needle,instruments,violin
8,needle,instruments,violin
9,needle,instruments,"violin, drum"
10,needle,instruments,violin
11,needle,instruments,"piccolo, strings"
12,needle,instruments,cello
13,needle,instruments,drum
1,ocean,fast,2
2,ocean,fast,1
3,ocean,fast,2
4,ocean,fast,1
5,ocean,fast,4
6,ocean,fast,2
7,ocean,fast,3
8,ocean,fast,2
9,ocean,fast,2
10,ocean,fast,1
11,ocean,fast,1
12,ocean,fast,4
13,ocean,fast,2
1,ocean,slow,4
2,ocean,slow,5
3,ocean,slow,4
4,ocean,slow,5
5,ocean,slow,2
6,ocean,slow,4
7,ocean,slow,4
8,ocean,slow,4
9,ocean,slow,5
10,ocean,slow,5
11,ocean,slow,4
12,ocean,slow,1
13,ocean,slow,4
1,ocean,high,3
2,ocean,high,4
3,ocean,high,4
4,ocean,high,4
5,ocean,high,4
6,ocean,high,3
7,ocean,high,3
8,ocean,high,3
9,ocean,high,5
10,ocean,high,2
11,ocean,high,3
12,ocean,high,4
13,ocean,high,2
1,ocean,low,3
2,ocean,low,1
3,ocean,low,3
4,ocean,low,4
5,ocean,low,2
6,ocean,low,3
7,ocean,low,4
8,ocean,low,2
9,ocean,low,2
10,ocean,low,4
11,ocean,low,3
12,ocean,low,2
13,ocean,low,4
1,ocean,loud,4
2,ocean,loud,3
3,ocean,loud,2
4,ocean,loud,2
5,ocean,loud,3
6,ocean,loud,3
7,ocean,loud,3
8,ocean,loud,2
9,ocean,loud,3
10,ocean,loud,1
11,ocean,loud,3
12,ocean,loud,1
13,ocean,loud,2
1,ocean,soft,2
2,ocean,soft,3
3,ocean,soft,4
4,ocean,soft,3
5,ocean,soft,4
6,ocean,soft,3
7,ocean,soft,2
8,ocean,soft,4
9,ocean,soft,5
10,ocean,soft,5
11,ocean,soft,3
12,ocean,soft,3
13,ocean,soft,4
1,ocean,consonant,5
2,ocean,consonant,4
3,ocean,consonant,2
4,ocean,consonant,1
5,ocean,consonant,3
6,ocean,consonant,4
7,ocean,consonant,4
8,ocean,consonant,4
9,ocean,consonant,5
10,ocean,consonant,5
11,ocean,consonant,2
12,ocean,consonant,4
13,ocean,consonant,3
1,ocean,dissonant,1
2,ocean,dissonant,2
3,ocean,dissonant,4
4,ocean,dissonant,4
5,ocean,dissonant,3
6,ocean,dissonant,3
7,ocean,dissonant,2
8,ocean,dissonant,3
9,ocean,dissonant,1
10,ocean,dissonant,1
11,ocean,dissonant,4
12,ocean,dissonant,2
13,ocean,dissonant,3
1,ocean,instruments,"strings, percussion"
2,ocean,instruments,Woodwind
3,ocean,instruments,oboe
4,ocean,instruments,"flute, trumpet, metal glockenspiel, low brass"
5,ocean,instruments,NA
6,ocean,instruments,strings
7,ocean,instruments,NA
8,ocean,instruments,"violin, percussion"
9,ocean,instruments,NA
10,ocean,instruments,"flute, violin"
11,ocean,instruments,"bells/triangle, wooden blocks"
12,ocean,instruments,NA
13,ocean,instruments,violin
1,peaceful,fast,3
2,peaceful,fast,3
3,peaceful,fast,2
4,peaceful,fast,3
5,peaceful,fast,4
6,peaceful,fast,2
7,peaceful,fast,4
8,peaceful,fast,3
9,peaceful,fast,4
10,peaceful,fast,2
11,peaceful,fast,4
12,peaceful,fast,5
13,peaceful,fast,4
1,peaceful,slow,3
2,peaceful,slow,3
3,peaceful,slow,3
4,peaceful,slow,3
5,peaceful,slow,2
6,peaceful,slow,3
7,peaceful,slow,3
8,peaceful,slow,3
9,peaceful,slow,2
10,peaceful,slow,4
11,peaceful,slow,2
12,peaceful,slow,1
13,peaceful,slow,2
1,peaceful,high,5
2,peaceful,high,4
3,peaceful,high,5
4,peaceful,high,4
5,peaceful,high,4
6,peaceful,high,4
7,peaceful,high,5
8,peaceful,high,5
9,peaceful,high,5
10,peaceful,high,5
11,peaceful,high,5
12,peaceful,high,5
13,peaceful,high,4
1,peaceful,low,2
2,peaceful,low,4
3,peaceful,low,1
4,peaceful,low,4
5,peaceful,low,1
6,peaceful,low,3
7,peaceful,low,2
8,peaceful,low,1
9,peaceful,low,1
10,peaceful,low,1
11,peaceful,low,1
12,peaceful,low,1
13,peaceful,low,2
1,peaceful,loud,3
2,peaceful,loud,3
3,peaceful,loud,1
4,peaceful,loud,2
5,peaceful,loud,4
6,peaceful,loud,2
7,peaceful,loud,2
8,peaceful,loud,2
9,peaceful,loud,3
10,peaceful,loud,1
11,peaceful,loud,3
12,peaceful,loud,4
13,peaceful,loud,2
1,peaceful,soft,4
2,peaceful,soft,4
3,peaceful,soft,5
4,peaceful,soft,4
5,peaceful,soft,2
6,peaceful,soft,4
7,peaceful,soft,4
8,peaceful,soft,4
9,peaceful,soft,3
10,peaceful,soft,5
11,peaceful,soft,3
12,peaceful,soft,1
13,peaceful,soft,4
1,peaceful,consonant,5
2,peaceful,consonant,5
3,peaceful,consonant,4
4,peaceful,consonant,3
5,peaceful,consonant,4
6,peaceful,consonant,5
7,peaceful,consonant,4
8,peaceful,consonant,5
9,peaceful,consonant,5
10,peaceful,consonant,5
11,peaceful,consonant,5
12,peaceful,consonant,5
13,peaceful,consonant,4
1,peaceful,dissonant,2
2,peaceful,dissonant,1
3,peaceful,dissonant,1
4,peaceful,dissonant,4
5,peaceful,dissonant,2
6,peaceful,dissonant,1
7,peaceful,dissonant,2
8,peaceful,dissonant,1
9,peaceful,dissonant,1
10,peaceful,dissonant,1
11,peaceful,dissonant,1
12,peaceful,dissonant,1
13,peaceful,dissonant,2
1,peaceful,instruments,"flute, woodwind, harp"
2,peaceful,instruments,"Flute, Harp, Strings"
3,peaceful,instruments,piccolo
4,peaceful,instruments,"flute, guitar, contrabass"
5,peaceful,instruments,flute
6,peaceful,instruments,flute
7,peaceful,instruments,flute
8,peaceful,instruments,"piccolo, flute"
9,peaceful,instruments,flute
10,peaceful,instruments,"flute, violin"
11,peaceful,instruments,"flute, strings"
12,peaceful,instruments,flute
13,peaceful,instruments,flute
1,quarrel,fast,5
2,quarrel,fast,5
3,quarrel,fast,5
4,quarrel,fast,4
5,quarrel,fast,5
6,quarrel,fast,4
7,quarrel,fast,5
8,quarrel,fast,4
9,quarrel,fast,5
10,quarrel,fast,2
11,quarrel,fast,5
12,quarrel,fast,5
13,quarrel,fast,3
1,quarrel,slow,2
2,quarrel,slow,1
3,quarrel,slow,1
4,quarrel,slow,1
5,quarrel,slow,1
6,quarrel,slow,2
7,quarrel,slow,2
8,quarrel,slow,2
9,quarrel,slow,1
10,quarrel,slow,4
11,quarrel,slow,1
12,quarrel,slow,1
13,quarrel,slow,3
1,quarrel,high,2
2,quarrel,high,4
3,quarrel,high,2
4,quarrel,high,4
5,quarrel,high,4
6,quarrel,high,3
7,quarrel,high,3
8,quarrel,high,3
9,quarrel,high,5
10,quarrel,high,3
11,quarrel,high,4
12,quarrel,high,1
13,quarrel,high,4
1,quarrel,low,4
2,quarrel,low,4
3,quarrel,low,4
4,quarrel,low,3
5,quarrel,low,2
6,quarrel,low,3
7,quarrel,low,2
8,quarrel,low,3
9,quarrel,low,1
10,quarrel,low,3
11,quarrel,low,2
12,quarrel,low,3
13,quarrel,low,2
1,quarrel,loud,4
2,quarrel,loud,4
3,quarrel,loud,4
4,quarrel,loud,3
5,quarrel,loud,4
6,quarrel,loud,3
7,quarrel,loud,3
8,quarrel,loud,2
9,quarrel,loud,5
10,quarrel,loud,4
11,quarrel,loud,3
12,quarrel,loud,5
13,quarrel,loud,3
1,quarrel,soft,2
2,quarrel,soft,1
3,quarrel,soft,1
4,quarrel,soft,3
5,quarrel,soft,2
6,quarrel,soft,2
7,quarrel,soft,3
8,quarrel,soft,4
9,quarrel,soft,1
10,quarrel,soft,2
11,quarrel,soft,2
12,quarrel,soft,1
13,quarrel,soft,3
1,quarrel,consonant,3
2,quarrel,consonant,2
3,quarrel,consonant,1
4,quarrel,consonant,2
5,quarrel,consonant,4
6,quarrel,consonant,3
7,quarrel,consonant,4
8,quarrel,consonant,3
9,quarrel,consonant,2
10,quarrel,consonant,1
11,quarrel,consonant,2
12,quarrel,consonant,1
13,quarrel,consonant,2
1,quarrel,dissonant,4
2,quarrel,dissonant,4
3,quarrel,dissonant,5
4,quarrel,dissonant,5
5,quarrel,dissonant,3
6,quarrel,dissonant,4
7,quarrel,dissonant,3
8,quarrel,dissonant,3
9,quarrel,dissonant,4
10,quarrel,dissonant,5
11,quarrel,dissonant,4
12,quarrel,dissonant,5
13,quarrel,dissonant,4
1,quarrel,instruments,strings
2,quarrel,instruments,Strings
3,quarrel,instruments,strings
4,quarrel,instruments,"violin, cello"
5,quarrel,instruments,violin
6,quarrel,instruments,violin
7,quarrel,instruments,violin
8,quarrel,instruments,violin
9,quarrel,instruments,violin
10,quarrel,instruments,violin
11,quarrel,instruments,strings
12,quarrel,instruments,"cello, violin"
13,quarrel,instruments,violin
1,red,fast,5
2,red,fast,5
3,red,fast,5
4,red,fast,4
5,red,fast,3
6,red,fast,4
7,red,fast,5
8,red,fast,4
9,red,fast,4
10,red,fast,5
11,red,fast,4
12,red,fast,5
13,red,fast,4
1,red,slow,1
2,red,slow,1
3,red,slow,1
4,red,slow,1
5,red,slow,4
6,red,slow,2
7,red,slow,1
8,red,slow,2
9,red,slow,2
10,red,slow,1
11,red,slow,2
12,red,slow,1
13,red,slow,2
1,red,high,3
2,red,high,5
3,red,high,3
4,red,high,4
5,red,high,2
6,red,high,3
7,red,high,4
8,red,high,5
9,red,high,5
10,red,high,3
11,red,high,4
12,red,high,4
13,red,high,4
1,red,low,3
2,red,low,5
3,red,low,3
4,red,low,4
5,red,low,4
6,red,low,3
7,red,low,5
8,red,low,1
9,red,low,2
10,red,low,3
11,red,low,4
12,red,low,4
13,red,low,4
1,red,loud,5
2,red,loud,5
3,red,loud,5
4,red,loud,4
5,red,loud,3
6,red,loud,4
7,red,loud,5
8,red,loud,5
9,red,loud,5
10,red,loud,5
11,red,loud,4
12,red,loud,5
13,red,loud,4
1,red,soft,1
2,red,soft,1
3,red,soft,1
4,red,soft,3
5,red,soft,4
6,red,soft,2
7,red,soft,3
8,red,soft,1
9,red,soft,1
10,red,soft,1
11,red,soft,1
12,red,soft,1
13,red,soft,1
1,red,consonant,3
2,red,consonant,4
3,red,consonant,1
4,red,consonant,2
5,red,consonant,3
6,red,consonant,1
7,red,consonant,3
8,red,consonant,4
9,red,consonant,4
10,red,consonant,3
11,red,consonant,2
12,red,consonant,5
13,red,consonant,2
1,red,dissonant,4
2,red,dissonant,2
3,red,dissonant,5
4,red,dissonant,4
5,red,dissonant,3
6,red,dissonant,5
7,red,dissonant,3
8,red,dissonant,2
9,red,dissonant,2
10,red,dissonant,3
11,red,dissonant,4
12,red,dissonant,2
13,red,dissonant,4
1,red,instruments,"percussion, horns, strings"
2,red,instruments,"Percussion, Strings, Drums, Brass"
3,red,instruments,NA
4,red,instruments,"bass drum, piccolo, trumpet"
5,red,instruments,Saxophone
6,red,instruments,"drums, violin"
7,red,instruments,drums
8,red,instruments,"percussion, violin"
9,red,instruments,NA
10,red,instruments,"drums, violin, trumpet"
11,red,instruments,"base drum, orchestra, trumpet, flute"
12,red,instruments,"piccolo, violin, cello, viola, trumpet, timpani"
13,red,instruments,drum
1,river,fast,5
2,river,fast,5
3,river,fast,5
4,river,fast,5
5,river,fast,5
6,river,fast,5
7,river,fast,5
8,river,fast,5
9,river,fast,5
10,river,fast,5
11,river,fast,5
12,river,fast,5
13,river,fast,5
1,river,slow,1
2,river,slow,1
3,river,slow,1
4,river,slow,1
5,river,slow,1
6,river,slow,1
7,river,slow,1
8,river,slow,1
9,river,slow,1
10,river,slow,1
11,river,slow,1
12,river,slow,1
13,river,slow,1
1,river,high,4
2,river,high,3
3,river,high,3
4,river,high,3
5,river,high,4
6,river,high,4
7,river,high,4
8,river,high,3
9,river,high,5
10,river,high,3
11,river,high,5
12,river,high,5
13,river,high,3
1,river,low,2
2,river,low,3
3,river,low,3
4,river,low,3
5,river,low,3
6,river,low,3
7,river,low,1
8,river,low,3
9,river,low,1
10,river,low,3
11,river,low,1
12,river,low,1
13,river,low,3
1,river,loud,3
2,river,loud,4
3,river,loud,5
4,river,loud,3
5,river,loud,3
6,river,loud,4
7,river,loud,3
8,river,loud,4
9,river,loud,5
10,river,loud,5
11,river,loud,3
12,river,loud,5
13,river,loud,4
1,river,soft,1
2,river,soft,1
3,river,soft,1
4,river,soft,3
5,river,soft,2
6,river,soft,2
7,river,soft,1
8,river,soft,2
9,river,soft,1
10,river,soft,1
11,river,soft,1
12,river,soft,1
13,river,soft,2
1,river,consonant,4
2,river,consonant,4
3,river,consonant,2
4,river,consonant,2
5,river,consonant,5
6,river,consonant,3
7,river,consonant,5
8,river,consonant,5
9,river,consonant,4
10,river,consonant,5
11,river,consonant,2
12,river,consonant,4
13,river,consonant,4
1,river,dissonant,3
2,river,dissonant,1
3,river,dissonant,4
4,river,dissonant,4
5,river,dissonant,1
6,river,dissonant,4
7,river,dissonant,1
8,river,dissonant,1
9,river,dissonant,2
10,river,dissonant,1
11,river,dissonant,4
12,river,dissonant,1
13,river,dissonant,2
1,river,instruments,"piano, keyboard"
2,river,instruments,Piano
3,river,instruments,piano
4,river,instruments,piano
5,river,instruments,piano
6,river,instruments,piano
7,river,instruments,piano
8,river,instruments,synthetic piano
9,river,instruments,piano
10,river,instruments,piano
11,river,instruments,piano
12,river,instruments,NA
13,river,instruments,piano
1,rushed,fast,5
2,rushed,fast,5
3,rushed,fast,5
4,rushed,fast,5
5,rushed,fast,4
6,rushed,fast,5
7,rushed,fast,5
8,rushed,fast,5
9,rushed,fast,5
10,rushed,fast,5
11,rushed,fast,5
12,rushed,fast,5
13,rushed,fast,5
1,rushed,slow,1
2,rushed,slow,1
3,rushed,slow,1
4,rushed,slow,1
5,rushed,slow,2
6,rushed,slow,1
7,rushed,slow,1
8,rushed,slow,1
9,rushed,slow,1
10,rushed,slow,1
11,rushed,slow,1
12,rushed,slow,1
13,rushed,slow,1
1,rushed,high,3
2,rushed,high,5
3,rushed,high,4
4,rushed,high,4
5,rushed,high,4
6,rushed,high,5
7,rushed,high,5
8,rushed,high,4
9,rushed,high,5
10,rushed,high,5
11,rushed,high,5
12,rushed,high,5
13,rushed,high,5
1,rushed,low,3
2,rushed,low,1
3,rushed,low,2
4,rushed,low,4
5,rushed,low,2
6,rushed,low,1
7,rushed,low,1
8,rushed,low,2
9,rushed,low,1
10,rushed,low,1
11,rushed,low,1
12,rushed,low,1
13,rushed,low,1
1,rushed,loud,4
2,rushed,loud,5
3,rushed,loud,5
4,rushed,loud,3
5,rushed,loud,3
6,rushed,loud,4
7,rushed,loud,5
8,rushed,loud,5
9,rushed,loud,5
10,rushed,loud,5
11,rushed,loud,4
12,rushed,loud,5
13,rushed,loud,5
1,rushed,soft,1
2,rushed,soft,1
3,rushed,soft,3
4,rushed,soft,3
5,rushed,soft,2
6,rushed,soft,2
7,rushed,soft,1
8,rushed,soft,1
9,rushed,soft,1
10,rushed,soft,1
11,rushed,soft,2
12,rushed,soft,1
13,rushed,soft,1
1,rushed,consonant,4
2,rushed,consonant,5
3,rushed,consonant,3
4,rushed,consonant,4
5,rushed,consonant,4
6,rushed,consonant,4
7,rushed,consonant,3
8,rushed,consonant,4
9,rushed,consonant,5
10,rushed,consonant,5
11,rushed,consonant,4
12,rushed,consonant,5
13,rushed,consonant,4
1,rushed,dissonant,2
2,rushed,dissonant,1
3,rushed,dissonant,3
4,rushed,dissonant,4
5,rushed,dissonant,2
6,rushed,dissonant,4
7,rushed,dissonant,3
8,rushed,dissonant,2
9,rushed,dissonant,1
10,rushed,dissonant,1
11,rushed,dissonant,2
12,rushed,dissonant,1
13,rushed,dissonant,2
1,rushed,instruments,"orchestra, percussion, strings, horns"
2,rushed,instruments,"Strings, Brass"
3,rushed,instruments,"strings, trumpets"
4,rushed,instruments,"flute, trumpet, bass clarinet"
5,rushed,instruments,NA
6,rushed,instruments,"trumpet, violin"
7,rushed,instruments,NA
8,rushed,instruments,"violin, horn"
9,rushed,instruments,trumpet
10,rushed,instruments,horns
11,rushed,instruments,"strings, trumpet"
12,rushed,instruments,"trumpet, flute"
13,rushed,instruments,trumpet
1,sigh,fast,1
2,sigh,fast,1
3,sigh,fast,1
4,sigh,fast,1
5,sigh,fast,1
6,sigh,fast,2
7,sigh,fast,1
8,sigh,fast,2
9,sigh,fast,1
10,sigh,fast,1
11,sigh,fast,4
12,sigh,fast,1
13,sigh,fast,1
1,sigh,slow,5
2,sigh,slow,5
3,sigh,slow,5
4,sigh,slow,5
5,sigh,slow,5
6,sigh,slow,4
7,sigh,slow,5
8,sigh,slow,4
9,sigh,slow,3
10,sigh,slow,5
11,sigh,slow,2
12,sigh,slow,4
13,sigh,slow,5
1,sigh,high,4
2,sigh,high,4
3,sigh,high,4
4,sigh,high,4
5,sigh,high,4
6,sigh,high,4
7,sigh,high,5
8,sigh,high,4
9,sigh,high,5
10,sigh,high,3
11,sigh,high,2
12,sigh,high,5
13,sigh,high,5
1,sigh,low,3
2,sigh,low,1
3,sigh,low,2
4,sigh,low,3
5,sigh,low,2
6,sigh,low,3
7,sigh,low,4
8,sigh,low,2
9,sigh,low,1
10,sigh,low,3
11,sigh,low,4
12,sigh,low,1
13,sigh,low,2
1,sigh,loud,2
2,sigh,loud,3
3,sigh,loud,2
4,sigh,loud,2
5,sigh,loud,4
6,sigh,loud,2
7,sigh,loud,2
8,sigh,loud,3
9,sigh,loud,3
10,sigh,loud,2
11,sigh,loud,2
12,sigh,loud,3
13,sigh,loud,2
1,sigh,soft,4
2,sigh,soft,3
3,sigh,soft,4
4,sigh,soft,4
5,sigh,soft,3
6,sigh,soft,3
7,sigh,soft,3
8,sigh,soft,3
9,sigh,soft,3
10,sigh,soft,4
11,sigh,soft,3
12,sigh,soft,4
13,sigh,soft,4
1,sigh,consonant,4
2,sigh,consonant,3
3,sigh,consonant,2
4,sigh,consonant,1
5,sigh,consonant,3
6,sigh,consonant,3
7,sigh,consonant,2
8,sigh,consonant,5
9,sigh,consonant,4
10,sigh,consonant,5
11,sigh,consonant,2
12,sigh,consonant,5
13,sigh,consonant,2
1,sigh,dissonant,3
2,sigh,dissonant,3
3,sigh,dissonant,3
4,sigh,dissonant,4
5,sigh,dissonant,2
6,sigh,dissonant,4
7,sigh,dissonant,4
8,sigh,dissonant,1
9,sigh,dissonant,2
10,sigh,dissonant,1
11,sigh,dissonant,4
12,sigh,dissonant,1
13,sigh,dissonant,4
1,sigh,instruments,"flute, horns, woodwinds"
2,sigh,instruments,Strings
3,sigh,instruments,strings
4,sigh,instruments,"violin, viola"
5,sigh,instruments,violin
6,sigh,instruments,violin
7,sigh,instruments,NA
8,sigh,instruments,violin
9,sigh,instruments,violin
10,sigh,instruments,violins
11,sigh,instruments,strings
12,sigh,instruments,violin
13,sigh,instruments,strings
1,staircase,fast,3
2,staircase,fast,1
3,staircase,fast,3
4,staircase,fast,4
5,staircase,fast,2
6,staircase,fast,2
7,staircase,fast,5
8,staircase,fast,3
9,staircase,fast,3
10,staircase,fast,4
11,staircase,fast,3
12,staircase,fast,4
13,staircase,fast,2
1,staircase,slow,3
2,staircase,slow,4
3,staircase,slow,3
4,staircase,slow,3
5,staircase,slow,5
6,staircase,slow,3
7,staircase,slow,4
8,staircase,slow,3
9,staircase,slow,3
10,staircase,slow,2
11,staircase,slow,2
12,staircase,slow,1
13,staircase,slow,4
1,staircase,high,3
2,staircase,high,3
3,staircase,high,2
4,staircase,high,4
5,staircase,high,5
6,staircase,high,2
7,staircase,high,4
8,staircase,high,3
9,staircase,high,4
10,staircase,high,3
11,staircase,high,4
12,staircase,high,1
13,staircase,high,4
1,staircase,low,3
2,staircase,low,2
3,staircase,low,4
4,staircase,low,4
5,staircase,low,3
6,staircase,low,3
7,staircase,low,4
8,staircase,low,3
9,staircase,low,3
10,staircase,low,3
11,staircase,low,4
12,staircase,low,4
13,staircase,low,4
1,staircase,loud,3
2,staircase,loud,3
3,staircase,loud,4
4,staircase,loud,3
5,staircase,loud,4
6,staircase,loud,3
7,staircase,loud,4
8,staircase,loud,3
9,staircase,loud,5
10,staircase,loud,4
11,staircase,loud,4
12,staircase,loud,5
13,staircase,loud,3
1,staircase,soft,3
2,staircase,soft,3
3,staircase,soft,2
4,staircase,soft,3
5,staircase,soft,4
6,staircase,soft,2
7,staircase,soft,3
8,staircase,soft,3
9,staircase,soft,2
10,staircase,soft,2
11,staircase,soft,4
12,staircase,soft,1
13,staircase,soft,4
1,staircase,consonant,4
2,staircase,consonant,4
3,staircase,consonant,1
4,staircase,consonant,4
5,staircase,consonant,3
6,staircase,consonant,3
7,staircase,consonant,5
8,staircase,consonant,4
9,staircase,consonant,2
10,staircase,consonant,4
11,staircase,consonant,2
12,staircase,consonant,4
13,staircase,consonant,4
1,staircase,dissonant,2
2,staircase,dissonant,1
3,staircase,dissonant,4
4,staircase,dissonant,4
5,staircase,dissonant,2
6,staircase,dissonant,4
7,staircase,dissonant,1
8,staircase,dissonant,2
9,staircase,dissonant,3
10,staircase,dissonant,2
11,staircase,dissonant,4
12,staircase,dissonant,1
13,staircase,dissonant,2
1,staircase,instruments,piano
2,staircase,instruments,Piano
3,staircase,instruments,piano
4,staircase,instruments,piano
5,staircase,instruments,NA
6,staircase,instruments,piano
7,staircase,instruments,piano
8,staircase,instruments,piano
9,staircase,instruments,piano
10,staircase,instruments,piano
11,staircase,instruments,strings
12,staircase,instruments,piano
13,staircase,instruments,piano
1,strength,fast,3
2,strength,fast,1
3,strength,fast,1
4,strength,fast,1
5,strength,fast,3
6,strength,fast,2
7,strength,fast,3
8,strength,fast,3
9,strength,fast,3
10,strength,fast,1
11,strength,fast,1
12,strength,fast,2
13,strength,fast,2
1,strength,slow,4
2,strength,slow,5
3,strength,slow,5
4,strength,slow,5
5,strength,slow,3
6,strength,slow,4
7,strength,slow,5
8,strength,slow,3
9,strength,slow,3
10,strength,slow,5
11,strength,slow,5
12,strength,slow,4
13,strength,slow,4
1,strength,high,1
2,strength,high,1
3,strength,high,3
4,strength,high,4
5,strength,high,4
6,strength,high,3
7,strength,high,3
8,strength,high,3
9,strength,high,5
10,strength,high,1
11,strength,high,2
12,strength,high,2
13,strength,high,2
1,strength,low,4
2,strength,low,4
3,strength,low,3
4,strength,low,4
5,strength,low,2
6,strength,low,3
7,strength,low,5
8,strength,low,2
9,strength,low,2
10,strength,low,5
11,strength,low,4
12,strength,low,4
13,strength,low,4
1,strength,loud,4
2,strength,loud,5
3,strength,loud,5
4,strength,loud,4
5,strength,loud,4
6,strength,loud,5
7,strength,loud,5
8,strength,loud,4
9,strength,loud,5
10,strength,loud,5
11,strength,loud,4
12,strength,loud,5
13,strength,loud,4
1,strength,soft,1
2,strength,soft,1
3,strength,soft,1
4,strength,soft,2
5,strength,soft,3
6,strength,soft,1
7,strength,soft,1
8,strength,soft,2
9,strength,soft,1
10,strength,soft,1
11,strength,soft,1
12,strength,soft,1
13,strength,soft,2
1,strength,consonant,4
2,strength,consonant,5
3,strength,consonant,5
4,strength,consonant,4
5,strength,consonant,4
6,strength,consonant,5
7,strength,consonant,4
8,strength,consonant,5
9,strength,consonant,4
10,strength,consonant,4
11,strength,consonant,3
12,strength,consonant,5
13,strength,consonant,4
1,strength,dissonant,2
2,strength,dissonant,1
3,strength,dissonant,1
4,strength,dissonant,1
5,strength,dissonant,1
6,strength,dissonant,1
7,strength,dissonant,2
8,strength,dissonant,1
9,strength,dissonant,2
10,strength,dissonant,2
11,strength,dissonant,3
12,strength,dissonant,1
13,strength,dissonant,2
1,strength,instruments,"drums, horns"
2,strength,instruments,"Drums, Percussion, Brass"
3,strength,instruments,"strings, drum"
4,strength,instruments,"flute, triangle, bass drum, trumpet, horn"
5,strength,instruments,drums
6,strength,instruments,"trumpet, drums"
7,strength,instruments,drums
8,strength,instruments,"percussion, strings, woodwind"
9,strength,instruments,drum
10,strength,instruments,drums
11,strength,instruments,"drum, symbol"
12,strength,instruments,"timpani, trumpet"
13,strength,instruments,drum
1,toxin,fast,3
2,toxin,fast,3
3,toxin,fast,1
4,toxin,fast,1
5,toxin,fast,2
6,toxin,fast,2
7,toxin,fast,4
8,toxin,fast,2
9,toxin,fast,3
10,toxin,fast,2
11,toxin,fast,2
12,toxin,fast,4
13,toxin,fast,2
1,toxin,slow,3
2,toxin,slow,3
3,toxin,slow,5
4,toxin,slow,5
5,toxin,slow,4
6,toxin,slow,4
7,toxin,slow,5
8,toxin,slow,4
9,toxin,slow,1
10,toxin,slow,4
11,toxin,slow,4
12,toxin,slow,2
13,toxin,slow,4
1,toxin,high,3
2,toxin,high,5
3,toxin,high,3
4,toxin,high,3
5,toxin,high,5
6,toxin,high,3
7,toxin,high,4
8,toxin,high,3
9,toxin,high,5
10,toxin,high,2
11,toxin,high,2
12,toxin,high,5
13,toxin,high,2
1,toxin,low,1
2,toxin,low,1
3,toxin,low,3
4,toxin,low,1
5,toxin,low,2
6,toxin,low,3
7,toxin,low,5
8,toxin,low,2
9,toxin,low,1
10,toxin,low,4
11,toxin,low,4
12,toxin,low,1
13,toxin,low,4
1,toxin,loud,3
2,toxin,loud,4
3,toxin,loud,5
4,toxin,loud,3
5,toxin,loud,4
6,toxin,loud,4
7,toxin,loud,4
8,toxin,loud,2
9,toxin,loud,5
10,toxin,loud,2
11,toxin,loud,2
12,toxin,loud,5
13,toxin,loud,3
1,toxin,soft,1
2,toxin,soft,2
3,toxin,soft,1
4,toxin,soft,2
5,toxin,soft,2
6,toxin,soft,2
7,toxin,soft,2
8,toxin,soft,4
9,toxin,soft,1
10,toxin,soft,4
11,toxin,soft,2
12,toxin,soft,1
13,toxin,soft,3
1,toxin,consonant,3
2,toxin,consonant,1
3,toxin,consonant,1
4,toxin,consonant,1
5,toxin,consonant,3
6,toxin,consonant,2
7,toxin,consonant,1
8,toxin,consonant,2
9,toxin,consonant,3
10,toxin,consonant,2
11,toxin,consonant,2
12,toxin,consonant,3
13,toxin,consonant,4
1,toxin,dissonant,4
2,toxin,dissonant,5
3,toxin,dissonant,5
4,toxin,dissonant,5
5,toxin,dissonant,4
6,toxin,dissonant,4
7,toxin,dissonant,5
8,toxin,dissonant,4
9,toxin,dissonant,3
10,toxin,dissonant,4
11,toxin,dissonant,5
12,toxin,dissonant,4
13,toxin,dissonant,2
1,toxin,instruments,"horns, percussion"
2,toxin,instruments,"Piano, Woodwind, Percussion"
3,toxin,instruments,NA
4,toxin,instruments,"castanets, horn"
5,toxin,instruments,piano
6,toxin,instruments,drums
7,toxin,instruments,NA
8,toxin,instruments,"woodblock, violin"
9,toxin,instruments,"drum, piano"
10,toxin,instruments,violins
11,toxin,instruments,wooden block
12,toxin,instruments,snare
13,toxin,instruments,NA
1,wideness,fast,5
2,wideness,fast,4
3,wideness,fast,2
4,wideness,fast,3
5,wideness,fast,4
6,wideness,fast,2
7,wideness,fast,4
8,wideness,fast,4
9,wideness,fast,4
10,wideness,fast,2
11,wideness,fast,4
12,wideness,fast,5
13,wideness,fast,3
1,wideness,slow,2
2,wideness,slow,4
3,wideness,slow,4
4,wideness,slow,3
5,wideness,slow,3
6,wideness,slow,3
7,wideness,slow,2
8,wideness,slow,2
9,wideness,slow,2
10,wideness,slow,4
11,wideness,slow,2
12,wideness,slow,1
13,wideness,slow,3
1,wideness,high,5
2,wideness,high,4
3,wideness,high,5
4,wideness,high,4
5,wideness,high,2
6,wideness,high,5
7,wideness,high,5
8,wideness,high,4
9,wideness,high,5
10,wideness,high,4
11,wideness,high,4
12,wideness,high,5
13,wideness,high,4
1,wideness,low,1
2,wideness,low,1
3,wideness,low,2
4,wideness,low,2
5,wideness,low,3
6,wideness,low,2
7,wideness,low,2
8,wideness,low,2
9,wideness,low,2
10,wideness,low,2
11,wideness,low,2
12,wideness,low,1
13,wideness,low,2
1,wideness,loud,3
2,wideness,loud,4
3,wideness,loud,5
4,wideness,loud,2
5,wideness,loud,4
6,wideness,loud,4
7,wideness,loud,2
8,wideness,loud,4
9,wideness,loud,3
10,wideness,loud,5
11,wideness,loud,3
12,wideness,loud,5
13,wideness,loud,3
1,wideness,soft,2
2,wideness,soft,2
3,wideness,soft,1
4,wideness,soft,2
5,wideness,soft,4
6,wideness,soft,3
7,wideness,soft,4
8,wideness,soft,2
9,wideness,soft,3
10,wideness,soft,1
11,wideness,soft,3
12,wideness,soft,1
13,wideness,soft,3
1,wideness,consonant,5
2,wideness,consonant,4
3,wideness,consonant,3
4,wideness,consonant,3
5,wideness,consonant,3
6,wideness,consonant,4
7,wideness,consonant,5
8,wideness,consonant,5
9,wideness,consonant,5
10,wideness,consonant,5
11,wideness,consonant,3
12,wideness,consonant,5
13,wideness,consonant,4
1,wideness,dissonant,1
2,wideness,dissonant,2
3,wideness,dissonant,3
4,wideness,dissonant,3
5,wideness,dissonant,3
6,wideness,dissonant,2
7,wideness,dissonant,1
8,wideness,dissonant,1
9,wideness,dissonant,1
10,wideness,dissonant,1
11,wideness,dissonant,3
12,wideness,dissonant,1
13,wideness,dissonant,2
1,wideness,instruments,"horns, woodwinds, strings"
2,wideness,instruments,"Strings, Woodwind"
3,wideness,instruments,strings
4,wideness,instruments,"flute, violin"
5,wideness,instruments,NA
6,wideness,instruments,violin
7,wideness,instruments,violin
8,wideness,instruments,violin
9,wideness,instruments,flute
10,wideness,instruments,"violins, flute"
11,wideness,instruments,flute
12,wideness,instruments,violin
13,wideness,instruments,NA
